time,open,high,low,close,volume,ticker
2018-10-23,15393,15393,15393,15393,0,A32
2018-10-24,15393,15393,15393,15393,0,A32
2018-10-25,15393,15393,15393,15393,0,A32
2018-10-26,15393,15393,15393,15393,0,A32
2018-10-29,15393,15393,15393,15393,0,A32
2018-10-30,15393,15393,15393,15393,0,A32
2018-10-31,15393,15393,15393,15393,0,A32
2018-11-01,15393,15393,15393,15393,0,A32
2018-11-02,15393,15393,15393,15393,0,A32
2018-11-05,15393,15393,15393,15393,0,A32
2018-11-06,15393,15393,15393,15393,0,A32
2018-11-07,15393,15393,15393,15393,0,A32
2018-11-08,15393,15393,15393,15393,0,A32
2018-11-09,15393,15393,15393,15393,0,A32
2018-11-12,15393,15393,15393,15393,0,A32
2018-11-13,15393,15393,15393,15393,0,A32
2018-11-14,15393,15393,15393,15393,0,A32
2018-11-15,15393,15393,15393,15393,0,A32
2018-11-16,15393,15393,15393,15393,0,A32
2018-11-19,15393,15393,15393,15393,0,A32
2018-11-20,15393,15393,15393,15393,0,A32
2018-11-21,15393,15393,15393,15393,0,A32
2018-11-22,15393,15393,15393,15393,0,A32
2018-11-23,15393,15393,15393,15393,0,A32
2018-11-26,15393,15393,15393,15393,0,A32
2018-11-27,15393,15393,15393,15393,0,A32
2018-11-28,15393,15393,15393,15393,0,A32
2018-11-29,19018,19018,19018,19018,1000,A32
2018-11-30,19018,19018,19018,19018,0,A32
2018-12-03,19018,19018,19018,19018,100,A32
2018-12-04,16641,16641,16641,16641,2000,A32
2018-12-05,16641,16641,16641,16641,0,A32
2018-12-06,16641,16641,16641,16641,0,A32
2018-12-07,16641,16641,16641,16641,0,A32
2018-12-10,16641,16641,16641,16641,0,A32
2018-12-11,16641,16641,16641,16641,0,A32
2018-12-12,16641,16641,16641,16641,0,A32
2018-12-13,16641,16641,16641,16641,0,A32
2018-12-14,16641,16641,16641,16641,0,A32
2018-12-17,16641,16641,16641,16641,0,A32
2018-12-18,16641,16641,16641,16641,0,A32
2018-12-19,16641,16641,16641,16641,0,A32
2018-12-20,16641,16641,16641,16641,0,A32
2018-12-21,17948,17948,17948,17948,100,A32
2018-12-24,17948,17948,17948,17948,0,A32
2018-12-25,17948,17948,17948,17948,0,A32
2018-12-26,17948,17948,17948,17948,0,A32
2018-12-27,17948,17948,17948,17948,0,A32
2018-12-28,17948,17948,17948,17948,0,A32
2019-01-02,19018,19018,19018,19018,100,A32
2019-01-03,19018,19018,19018,19018,0,A32
2019-01-04,19018,19018,19018,19018,0,A32
2019-01-07,19018,19018,19018,19018,100,A32
2019-01-08,19018,19018,19018,19018,0,A32
2019-01-09,19018,19018,19018,19018,0,A32
2019-01-10,19018,19018,19018,19018,0,A32
2019-01-11,19018,19018,19018,19018,0,A32
2019-01-14,19018,19018,19018,19018,0,A32
2019-01-15,19018,19018,19018,19018,0,A32
2019-01-16,19018,19018,19018,19018,0,A32
2019-01-17,19018,19018,19018,19018,0,A32
2019-01-18,19018,19018,19018,19018,0,A32
2019-01-21,19018,19018,19018,19018,0,A32
2019-01-22,19018,19018,19018,19018,0,A32
2019-01-23,19018,19018,19018,19018,0,A32
2019-01-24,19018,19018,19018,19018,0,A32
2019-01-25,19018,19018,19018,19018,0,A32
2019-01-28,19018,19018,19018,19018,0,A32
2019-01-29,19018,19018,19018,19018,0,A32
2019-01-30,19018,19018,19018,19018,0,A32
2019-01-31,19018,19018,19018,19018,0,A32
2019-02-01,19018,19018,19018,19018,0,A32
2019-02-11,19018,19018,19018,19018,0,A32
2019-02-12,19018,19018,19018,19018,0,A32
2019-02-13,16836,16836,16836,16836,100,A32
2019-02-14,15589,15589,15589,15589,100,A32
2019-02-15,15589,15589,15589,15589,0,A32
2019-02-18,15589,15589,15589,15589,0,A32
2019-02-19,13718,13718,13718,13718,100,A32
2019-02-20,13718,13718,13718,13718,0,A32
2019-02-21,13718,13718,13718,13718,0,A32
2019-02-22,13718,13718,13718,13718,0,A32
2019-02-25,13718,13718,13718,13718,0,A32
2019-02-26,13718,13718,13718,13718,0,A32
2019-02-27,13718,13718,13718,13718,0,A32
2019-02-28,13718,13718,13718,13718,0,A32
2019-03-01,13718,13718,13718,13718,0,A32
2019-03-04,13718,13718,13718,13718,0,A32
2019-03-05,13718,13718,13718,13718,0,A32
2019-03-06,13718,13718,13718,13718,0,A32
2019-03-07,13718,13718,13718,13718,0,A32
2019-03-08,15713,15713,15713,15713,100,A32
2019-03-11,15713,15713,15713,15713,300,A32
2019-03-12,15713,15713,15713,15713,0,A32
2019-03-13,15713,15713,15713,15713,100,A32
2019-03-14,15713,15713,15713,15713,200,A32
2019-03-15,15713,15713,15713,15713,100,A32
2019-03-18,15713,15713,15713,15713,0,A32
2019-03-19,15713,15713,15713,15713,0,A32
2019-03-20,15713,15713,15713,15713,0,A32
2019-03-21,15713,15713,15713,15713,200,A32
2019-03-22,15713,15713,15713,15713,100,A32
2019-03-25,15713,15713,15713,15713,100,A32
2019-03-26,15713,15713,15713,15713,0,A32
2019-03-27,15900,15900,15900,15900,100,A32
2019-03-28,15900,15900,15900,15900,0,A32
2019-03-29,15900,15900,15900,15900,0,A32
2019-04-01,15900,15900,15900,15900,0,A32
2019-04-02,15900,15900,15900,15900,18,A32
2019-04-03,15900,15900,15900,15900,0,A32
2019-04-04,15900,15900,15900,15900,0,A32
2019-04-05,15900,15900,15900,15900,0,A32
2019-04-08,15900,15900,15900,15900,0,A32
2019-04-09,15900,15900,15900,15900,100,A32
2019-04-10,15900,15900,15900,15900,0,A32
2019-04-11,15900,15900,15900,15900,0,A32
2019-04-12,15900,15900,15900,15900,45,A32
2019-04-16,15900,15900,15900,15900,0,A32
2019-04-17,15900,15900,15900,15900,0,A32
2019-04-18,15900,15900,15900,15900,0,A32
2019-04-19,15900,15900,15900,15900,0,A32
2019-04-22,15900,15900,15900,15900,0,A32
2019-04-23,15900,15900,15900,15900,0,A32
2019-04-24,15900,15900,15900,15900,0,A32
2019-04-25,15900,15900,15900,15900,3,A32
2019-04-26,15900,15900,15900,15900,10,A32
2019-05-02,15900,15900,15900,15900,0,A32
2019-05-03,15900,15900,15900,15900,0,A32
2019-05-06,15900,15900,15900,15900,0,A32
2019-05-07,15900,15900,15900,15900,302,A32
2019-05-08,15900,15900,15900,15900,500,A32
2019-05-09,15900,15900,15900,15900,0,A32
2019-05-10,15900,15900,15900,15900,200,A32
2019-05-13,15900,15900,15900,15900,300,A32
2019-05-14,15900,15900,15900,15900,300,A32
2019-05-15,15900,15900,15900,15900,0,A32
2019-05-16,15900,15900,15900,15900,400,A32
2019-05-17,15900,15900,15900,15900,0,A32
2019-05-20,15900,15900,15900,15900,0,A32
2019-05-21,15900,15900,15900,15900,0,A32
2019-05-22,15900,15900,15900,15900,0,A32
2019-05-23,15900,15900,15900,15900,0,A32
2019-05-24,15900,15900,15900,15900,0,A32
2019-05-27,16524,16524,15589,15589,1100,A32
2019-05-28,16462,16462,16462,16462,0,A32
2019-05-29,16462,16462,16462,16462,0,A32
2019-05-30,16462,16462,16462,16462,0,A32
2019-05-31,16462,16462,16462,16462,0,A32
2019-06-03,16462,16462,16462,15589,10,A32
2019-06-04,16462,16462,16462,16462,0,A32
2019-06-05,16462,16462,16462,15589,35,A32
2019-06-06,16461,16461,16461,16013,20,A32
2019-06-07,16461,16461,16461,16461,0,A32
2019-06-10,16013,16013,16013,16013,135,A32
2019-06-11,16013,16013,16013,16013,800,A32
2019-06-12,16013,16013,16013,16013,0,A32
2019-06-13,16013,16013,16013,16013,0,A32
2019-06-14,16013,16013,16013,16013,0,A32
2019-06-17,16013,16013,16013,16013,0,A32
2019-06-18,14091,14091,14091,14091,1000,A32
2019-06-19,14091,14091,14091,14091,20,A32
2019-06-20,14091,14091,14091,14091,0,A32
2019-06-21,14091,14091,14091,14091,0,A32
2019-06-24,13451,14091,13451,14091,1200,A32
2019-06-25,14732,14732,14732,14732,120,A32
2019-06-26,14732,14732,14732,14732,0,A32
2019-06-27,14732,14732,14732,14732,0,A32
2019-06-28,14412,14412,14412,14412,500,A32
2019-07-01,14412,14412,14412,14412,1,A32
2019-07-02,14732,15052,14732,15052,601,A32
2019-07-03,14796,14796,14796,14796,0,A32
2019-07-04,15052,15180,15052,15180,2800,A32
2019-07-05,15116,15116,15116,15116,0,A32
2019-07-08,15116,15116,15116,15116,0,A32
2019-07-09,15116,15116,15116,15116,0,A32
2019-07-10,14732,14732,14091,14091,2600,A32
2019-07-11,14412,14924,14284,14924,11100,A32
2019-07-12,14284,14284,14284,14284,0,A32
2019-07-15,14284,14284,14284,14284,0,A32
2019-07-16,14348,15052,14348,15052,333,A32
2019-07-17,14796,14796,14796,14796,0,A32
2019-07-18,15052,15052,15052,15052,500,A32
2019-07-19,15052,15052,15052,15052,0,A32
2019-07-22,15052,15052,15052,15052,0,A32
2019-07-23,15052,15052,15052,15052,0,A32
2019-07-24,15052,15052,15052,15052,0,A32
2019-07-25,15052,15052,15052,15052,0,A32
2019-07-26,14796,14796,14796,14796,100,A32
2019-07-29,15373,15373,15373,15373,100,A32
2019-07-30,15373,15373,15373,15373,33,A32
2019-07-31,15052,15052,15052,15052,200,A32
2019-08-01,15373,15373,15373,15373,400,A32
2019-08-02,15565,15565,15565,15565,100,A32
2019-08-05,15052,16013,15052,16013,1120,A32
2019-08-06,15949,15949,15949,15949,0,A32
2019-08-07,15052,16013,15052,16013,1100,A32
2019-08-08,16013,16013,16013,16013,100,A32
2019-08-09,16013,16013,16013,16013,0,A32
2019-08-12,16013,16013,16013,16013,300,A32
2019-08-13,16013,16013,16013,16013,30,A32
2019-08-14,16013,16013,16013,16013,0,A32
2019-08-15,16013,16013,16013,16013,0,A32
2019-08-16,16013,16013,16013,16013,0,A32
2019-08-19,17935,17935,17935,17935,800,A32
2019-08-20,17935,17935,17935,17935,0,A32
2019-08-21,17935,17935,17935,17935,0,A32
2019-08-22,17935,17935,15373,15373,800,A32
2019-08-23,17614,17614,17614,17614,0,A32
2019-08-26,17614,17614,17614,17614,0,A32
2019-08-27,17614,17614,17614,17614,0,A32
2019-08-28,17614,17614,17614,17614,0,A32
2019-08-29,17614,17614,17614,17614,0,A32
2019-08-30,15373,15373,15373,15373,500,A32
2019-09-03,15373,15373,15373,15373,0,A32
2019-09-04,15437,15437,15437,15437,200,A32
2019-09-05,15437,15437,15437,15437,0,A32
2019-09-06,15437,15437,15437,15437,0,A32
2019-09-09,15437,15437,15437,15437,100,A32
2019-09-10,15437,15437,15437,15437,500,A32
2019-09-11,15437,15437,15437,15437,0,A32
2019-09-12,15437,15437,15437,15437,100,A32
2019-09-13,16782,16782,16782,16782,1900,A32
2019-09-16,16782,16782,16782,16782,0,A32
2019-09-17,17614,17614,17614,17614,100,A32
2019-09-18,15501,15501,15501,15501,2600,A32
2019-09-19,15501,15501,15501,15501,100,A32
2019-09-20,15501,15501,15052,15052,3600,A32
2019-09-23,15116,15116,15116,15116,0,A32
2019-09-24,15116,15116,15116,15116,0,A32
2019-09-25,15180,15180,15116,15116,400,A32
2019-09-26,15116,15116,15116,15116,0,A32
2019-09-27,17294,17294,17294,17294,1100,A32
2019-09-30,17294,17294,17294,17294,0,A32
2019-10-01,15052,15052,15052,15052,100,A32
2019-10-02,15052,15052,15052,15052,100,A32
2019-10-03,15052,15052,15052,15052,0,A32
2019-10-04,17294,17294,17294,17294,1000,A32
2019-10-07,16654,16654,16654,16654,3400,A32
2019-10-08,16654,16654,16654,16654,0,A32
2019-10-09,16654,16654,16654,16654,1900,A32
2019-10-10,16654,16654,16654,16654,0,A32
2019-10-11,16654,16654,16654,16654,0,A32
2019-10-14,16654,16654,16654,16654,0,A32
2019-10-15,16654,16654,16654,16654,0,A32
2019-10-16,16974,16974,16974,16974,500,A32
2019-10-17,16974,16974,16974,16974,0,A32
2019-10-18,16974,16974,16974,16974,0,A32
2019-10-21,16974,16974,16974,16974,0,A32
2019-10-22,17294,17294,17294,17294,500,A32
2019-10-23,17294,17294,17294,17294,400,A32
2019-10-24,17294,17294,17294,17294,0,A32
2019-10-25,17294,17294,17294,17294,0,A32
2019-10-28,17294,17294,17294,17294,0,A32
2019-10-29,17294,17294,17294,17294,0,A32
2019-10-30,17294,17294,17294,17294,1000,A32
2019-10-31,17294,17294,17294,17294,0,A32
2019-11-01,17294,17294,17294,17294,0,A32
2019-11-04,17294,17294,17294,17294,0,A32
2019-11-05,17294,17294,17294,17294,0,A32
2019-11-06,17294,17294,17294,17294,0,A32
2019-11-07,17294,17294,17294,17294,0,A32
2019-11-08,17294,17294,17294,17294,0,A32
2019-11-11,17294,17294,17294,17294,0,A32
2019-11-12,17294,17294,17294,17294,0,A32
2019-11-13,17294,17294,17294,17294,0,A32
2019-11-14,17294,17294,17294,17294,0,A32
2019-11-15,17294,17294,17294,17294,0,A32
2019-11-18,17294,17294,17294,17294,0,A32
2019-11-19,17294,17294,17294,17294,0,A32
2019-11-20,17294,17294,17294,17294,0,A32
2019-11-21,17294,17294,17294,17294,0,A32
2019-11-22,17294,17294,17294,17294,0,A32
2019-11-25,17294,17294,17294,17294,0,A32
2019-11-26,17935,17935,17935,17935,100,A32
2019-11-27,17935,17935,17935,17935,0,A32
2019-11-28,17935,17935,17935,17935,0,A32
2019-11-29,17935,17935,17935,17935,0,A32
2019-12-02,17935,17935,17935,17935,0,A32
2019-12-03,17935,17935,17935,17935,0,A32
2019-12-04,17935,17935,17935,17935,0,A32
2019-12-05,17935,17935,17935,17935,0,A32
2019-12-06,17935,17935,17935,17935,0,A32
2019-12-09,17935,17935,17935,17935,0,A32
2019-12-10,17935,17935,17935,17935,0,A32
2019-12-11,17935,17935,17935,17935,0,A32
2019-12-12,17935,17935,17935,17935,0,A32
2019-12-13,17935,17935,17935,17935,0,A32
2019-12-16,17935,17935,17935,17935,0,A32
2019-12-17,17935,17935,17935,19216,100,A32
2019-12-18,19216,19216,19216,19216,0,A32
2019-12-19,19216,19216,19216,19216,0,A32
2019-12-20,18575,18575,18575,18575,500,A32
2019-12-23,18575,18575,18575,18575,200,A32
2019-12-24,18913,18913,18913,18913,400,A32
2019-12-25,18913,18913,18913,18913,0,A32
2019-12-26,18913,18913,18913,18913,0,A32
2019-12-27,18913,18913,18913,18913,0,A32
2019-12-30,18913,18913,18913,18913,0,A32
2019-12-31,18913,18913,18913,18913,0,A32
2020-01-02,18913,18913,18913,18913,300,A32
2020-01-03,16549,16549,16549,16549,500,A32
2020-01-06,16549,16549,16549,16549,0,A32
2020-01-07,16549,16549,16549,16549,0,A32
2020-01-08,16549,16549,16549,16549,0,A32
2020-01-09,16549,16549,16549,16549,0,A32
2020-01-10,16549,16549,16549,16549,100,A32
2020-01-13,18575,18575,18575,18575,100,A32
2020-01-14,21345,21345,21345,21345,100,A32
2020-01-15,21345,21345,21345,21345,0,A32
2020-01-16,21345,21345,21345,21345,0,A32
2020-01-17,21345,21345,21345,21345,0,A32
2020-01-20,23641,23641,23641,23641,100,A32
2020-01-21,23641,23641,23641,23641,0,A32
2020-01-22,23641,23641,23641,23641,1,A32
2020-01-30,23641,23641,23641,23641,0,A32
2020-01-31,23641,23641,23641,23641,0,A32
2020-02-03,27154,27154,27154,27154,200,A32
2020-02-04,27154,27154,27154,27154,0,A32
2020-02-05,27154,27154,27154,27154,0,A32
2020-02-06,27154,27154,27154,27154,0,A32
2020-02-07,31207,31207,31207,31207,100,A32
2020-02-10,31207,31207,31207,31207,0,A32
2020-02-11,35868,35868,35868,35868,100,A32
2020-02-12,35868,35868,35868,35868,0,A32
2020-02-13,35868,35868,35868,35868,0,A32
2020-02-14,35868,35868,35868,35868,0,A32
2020-02-17,35868,35868,35868,35868,0,A32
2020-02-18,35868,35868,35868,35868,0,A32
2020-02-19,35868,35868,35868,35868,0,A32
2020-02-20,35868,35868,35868,35868,0,A32
2020-02-21,33774,41204,30531,30531,300,A32
2020-02-24,35192,35192,35192,35192,0,A32
2020-02-25,29923,29923,29923,29923,500,A32
2020-02-26,29923,29923,29923,29923,0,A32
2020-02-27,25465,25465,25465,25465,800,A32
2020-02-28,25195,25195,25195,25195,100,A32
2020-03-02,25195,25195,25195,25195,0,A32
2020-03-03,25195,25195,25195,25195,0,A32
2020-03-04,25195,25195,25195,25195,0,A32
2020-03-05,25195,25195,25195,25195,0,A32
2020-03-06,25195,25195,25195,25195,0,A32
2020-03-09,25195,25195,25195,25195,0,A32
2020-03-10,28370,28370,28370,28370,200,A32
2020-03-11,28370,28370,28370,28370,0,A32
2020-03-12,28370,28370,28370,28370,0,A32
2020-03-13,28370,28370,28370,28370,0,A32
2020-03-16,28370,28370,28370,28370,0,A32
2020-03-17,28370,28370,28370,28370,2,A32
2020-03-18,24114,24114,24114,24114,100,A32
2020-03-19,20534,20534,20534,20534,100,A32
2020-03-20,17495,17495,17495,17495,100,A32
2020-03-23,17495,17495,17495,17495,0,A32
2020-03-24,19926,19926,14995,14995,1500,A32
2020-03-25,16887,17224,15333,15333,4800,A32
2020-03-26,15198,15198,15198,15198,2900,A32
2020-03-27,16887,16887,16887,16887,700,A32
2020-03-30,16887,16887,16887,16887,0,A32
2020-03-31,16887,16887,16887,16887,0,A32
2020-04-01,17224,17224,17224,17224,900,A32
2020-04-03,17900,17900,17900,17900,800,A32
2020-04-06,17900,17900,17900,17900,0,A32
2020-04-07,17900,17900,17900,17900,1700,A32
2020-04-08,17900,17900,17900,17900,1200,A32
2020-04-09,17900,19318,17900,19318,5000,A32
2020-04-10,18508,18508,18508,18508,0,A32
2020-04-13,16211,16211,16211,16211,1000,A32
2020-04-14,15063,15063,14522,14522,2700,A32
2020-04-15,14185,16819,12496,16819,5400,A32
2020-04-16,16481,16481,16279,16279,300,A32
2020-04-17,18373,18373,15265,15265,700,A32
2020-04-20,16144,16144,16144,16144,0,A32
2020-04-21,16887,18102,16887,18102,4400,A32
2020-04-22,17765,18170,17562,17562,1000,A32
2020-04-23,18102,18102,18102,18102,1900,A32
2020-04-24,18575,20804,16211,16211,4200,A32
2020-04-27,18508,18508,18508,18508,0,A32
2020-04-28,16211,19589,16211,19589,3200,A32
2020-04-29,16279,17089,16211,17089,2900,A32
2020-05-04,17832,17900,17832,17900,2700,A32
2020-05-05,17832,17832,17832,17832,200,A32
2020-05-06,17765,17765,17765,17765,200,A32
2020-05-07,16549,16549,16549,16549,400,A32
2020-05-08,16549,16549,16549,16549,0,A32
2020-05-11,17832,18913,17832,18913,700,A32
2020-05-12,18575,18575,18575,18575,0,A32
2020-05-13,18575,18575,18575,18575,0,A32
2020-05-14,18575,18575,18575,18575,0,A32
2020-05-15,18575,18575,18575,18575,0,A32
2020-05-18,16887,16887,16549,16616,2300,A32
2020-05-19,16684,16684,16684,16684,0,A32
2020-05-20,16684,16684,16684,16684,0,A32
2020-05-21,17495,17562,17495,17562,3200,A32
2020-05-22,17562,17562,17562,17562,500,A32
2020-05-25,18575,18575,18575,18575,800,A32
2020-05-26,18575,18575,18575,18575,0,A32
2020-05-27,18575,18575,18575,18575,0,A32
2020-05-28,18575,18575,18575,18575,0,A32
2020-05-29,18575,18575,18575,18575,0,A32
2020-06-01,17328,17328,16981,17120,1200,A32
2020-06-02,17120,17120,17120,17120,0,A32
2020-06-03,17120,17120,17120,17120,0,A32
2020-06-04,18229,18229,18229,18229,1500,A32
2020-06-05,18229,18229,18229,18229,2200,A32
2020-06-08,18229,18229,18229,18229,0,A32
2020-06-09,18229,18229,18229,18229,0,A32
2020-06-10,18229,18229,18229,18229,0,A32
2020-06-11,18229,18229,18229,18229,0,A32
2020-06-12,18229,18229,18229,18229,0,A32
2020-06-15,18229,18229,18229,18229,0,A32
2020-06-16,18229,18229,18229,18229,100,A32
2020-06-17,18229,18229,18229,18229,0,A32
2020-06-18,18229,18229,18229,18229,0,A32
2020-06-19,18229,18229,18229,18229,0,A32
2020-06-22,18229,18229,18229,18229,0,A32
2020-06-23,18229,18229,18229,18229,0,A32
2020-06-24,18229,18229,18229,18229,0,A32
2020-06-25,18229,18229,18229,18229,300,A32
2020-06-26,18229,18229,18229,18229,0,A32
2020-06-29,18229,18229,18229,18229,0,A32
2020-06-30,18229,18229,18229,18229,0,A32
2020-07-01,18229,18229,18229,18229,0,A32
2020-07-02,18229,18229,18229,18229,0,A32
2020-07-03,18229,18229,18229,18229,0,A32
2020-07-06,18090,18090,18021,18021,3000,A32
2020-07-07,18090,18090,18090,18090,0,A32
2020-07-08,18090,18090,18090,18090,0,A32
2020-07-09,18090,18090,18090,18090,0,A32
2020-07-10,18090,18090,18090,18090,0,A32
2020-07-13,18090,18090,18090,18090,0,A32
2020-07-14,18090,18090,18090,18090,0,A32
2020-07-15,18090,18090,18090,18090,0,A32
2020-07-16,18090,18090,18090,18090,0,A32
2020-07-17,18090,18090,18090,18090,0,A32
2020-07-20,18714,18714,18714,18714,1500,A32
2020-07-21,18021,18021,18021,18021,500,A32
2020-07-22,18021,18021,18021,18021,0,A32
2020-07-23,18021,18021,18021,18021,0,A32
2020-07-24,17050,17050,17050,17050,1000,A32
2020-07-27,17050,17050,17050,17050,0,A32
2020-07-28,17050,17050,17050,17050,0,A32
2020-07-29,17050,17050,17050,17050,0,A32
2020-07-30,17050,17050,17050,17050,1000,A32
2020-07-31,18298,18298,18298,18298,1100,A32
2020-08-03,18298,18298,18298,18298,0,A32
2020-08-04,18298,18298,18298,18298,0,A32
2020-08-05,18298,18298,18298,18298,0,A32
2020-08-06,18298,18298,18298,18298,0,A32
2020-08-07,18298,18298,18298,18298,0,A32
2020-08-10,18021,18021,18021,18021,500,A32
2020-08-11,18714,18714,18714,18714,800,A32
2020-08-12,18714,18714,18714,18714,0,A32
2020-08-13,18714,18714,18714,18714,0,A32
2020-08-14,18714,18714,18714,18714,0,A32
2020-08-17,18714,18714,18714,18714,0,A32
2020-08-18,18714,18714,18714,18714,500,A32
2020-08-19,18714,18714,18714,18714,0,A32
2020-08-20,18714,18714,18714,18714,0,A32
2020-08-21,18714,18714,18714,18714,0,A32
2020-08-24,18714,18714,18714,18714,0,A32
2020-08-25,18714,21486,18714,21486,300,A32
2020-08-26,20585,20585,20585,20585,0,A32
2020-08-27,20585,20585,20585,20585,0,A32
2020-08-28,20585,20585,20585,20585,0,A32
2020-08-31,20585,20585,20585,20585,0,A32
2020-09-01,18367,18367,18367,18367,200,A32
2020-09-03,18367,18367,18367,18367,0,A32
2020-09-04,18367,18367,18367,18367,0,A32
2020-09-07,20793,20793,20793,20793,100,A32
2020-09-08,20793,20793,20793,20793,0,A32
2020-09-09,20793,20793,20793,20793,0,A32
2020-09-10,20793,20793,20793,20793,0,A32
2020-09-11,20793,20793,20793,20793,0,A32
2020-09-14,20793,20793,20793,20793,0,A32
2020-09-15,20793,20793,20793,20793,0,A32
2020-09-16,20793,20793,20793,20793,0,A32
2020-09-17,20793,20793,20793,20793,0,A32
2020-09-18,20793,20793,20793,20793,0,A32
2020-09-21,20793,20793,20793,20793,0,A32
2020-09-22,20793,20793,20793,20793,0,A32
2020-09-23,23566,23566,22873,22873,1500,A32
2020-09-24,22942,22942,22942,22942,0,A32
2020-09-25,22942,22942,22942,22942,0,A32
2020-09-28,24952,24952,24952,24952,1400,A32
2020-09-29,24952,24952,24952,24952,0,A32
2020-09-30,28556,28556,28556,28556,100,A32
2020-10-01,28556,28556,28556,28556,0,A32
2020-10-02,28556,28556,28556,28556,0,A32
2020-10-05,28556,28556,28556,28556,0,A32
2020-10-06,27031,29111,24328,24328,2400,A32
2020-10-07,28418,28418,28418,28418,1000,A32
2020-10-08,28418,28418,28418,28418,0,A32
2020-10-09,24190,24190,24190,24190,100,A32
2020-10-12,20585,20585,20585,20585,400,A32
2020-10-13,20585,20585,20585,20585,0,A32
2020-10-14,20585,20585,20585,20585,0,A32
2020-10-15,20585,20585,20585,20585,0,A32
2020-10-16,20585,20585,20585,20585,0,A32
2020-10-19,20585,20585,20585,20585,0,A32
2020-10-20,17674,17674,17536,17536,1000,A32
2020-10-21,17605,17605,17605,17605,0,A32
2020-10-22,17605,17605,17605,17605,0,A32
2020-10-23,17605,17605,17605,17605,0,A32
2020-10-26,17605,17605,17605,17605,0,A32
2020-10-27,19061,19061,19061,19061,500,A32
2020-10-28,19061,19061,19061,19061,0,A32
2020-10-29,19061,19061,19061,19061,0,A32
2020-10-30,19754,19754,19754,19754,100,A32
2020-11-02,19754,19754,19754,19754,0,A32
2020-11-03,19754,19754,19754,19754,0,A32
2020-11-04,16981,16981,16981,16981,100,A32
2020-11-05,18714,18714,18714,18714,1000,A32
2020-11-06,19407,19407,19407,19407,700,A32
2020-11-09,19407,19407,19407,19407,0,A32
2020-11-10,19407,19407,19407,19407,0,A32
2020-11-11,19684,19754,19684,19754,500,A32
2020-11-12,19407,19407,19407,19407,500,A32
2020-11-13,19407,19407,19407,19407,0,A32
2020-11-16,20100,21486,20100,21486,800,A32
2020-11-17,20724,20724,20724,20724,0,A32
2020-11-18,20724,20724,20724,20724,0,A32
2020-11-19,21486,23566,21486,23566,1000,A32
2020-11-20,21902,21902,21902,21902,800,A32
2020-11-23,21902,21902,21902,21902,0,A32
2020-11-24,21902,21902,21902,21902,0,A32
2020-11-25,21902,21902,21902,21902,0,A32
2020-11-26,21902,21902,21902,21902,0,A32
2020-11-27,21902,21902,21902,21902,0,A32
2020-11-30,21902,21902,21902,21902,0,A32
2020-12-01,21902,21902,21902,21902,0,A32
2020-12-02,22180,22180,22180,22180,1000,A32
2020-12-03,22180,22180,22180,22180,0,A32
2020-12-04,24259,24952,24259,24952,300,A32
2020-12-07,24744,24744,24744,24744,0,A32
2020-12-08,21071,21071,21071,21071,200,A32
2020-12-09,21071,21071,21071,21071,0,A32
2020-12-10,21071,21071,21071,21071,0,A32
2020-12-11,21071,21071,21071,21071,0,A32
2020-12-14,21071,21071,21071,21071,20,A32
2020-12-15,21071,21071,21071,21071,0,A32
2020-12-16,21071,21071,21071,21071,0,A32
2020-12-17,21071,21071,21071,21071,1,A32
2020-12-18,20793,20793,20793,20793,100,A32
2020-12-21,20793,20793,20793,20793,200,A32
2020-12-22,23912,23912,23912,23912,119,A32
2020-12-23,23912,23982,23912,23912,2600,A32
2020-12-24,23982,23982,23982,23982,0,A32
2020-12-25,23982,23982,23982,23982,0,A32
2020-12-28,23982,24259,23982,24259,500,A32
2020-12-29,24120,24120,24120,24120,0,A32
2020-12-30,24120,24120,24120,24120,0,A32
2020-12-31,23912,23912,23912,23912,200,A32
2021-01-04,23912,23912,23912,23912,0,A32
2021-01-05,23912,23912,23912,23912,100,A32
2021-01-06,24606,24606,24606,24606,100,A32
2021-01-07,25992,26754,25992,26754,1400,A32
2021-01-08,26616,26616,26616,26616,0,A32
2021-01-11,26338,26685,26338,26685,1000,A32
2021-01-12,26373,26373,26373,26373,0,A32
2021-01-13,26373,26373,26373,26373,0,A32
2021-01-14,26373,26373,26373,26373,0,A32
2021-01-15,22698,22698,22482,22482,1400,A32
2021-01-18,25076,25076,25076,25076,1400,A32
2021-01-19,25076,25076,25076,25076,0,A32
2021-01-20,27310,27310,27310,27310,100,A32
2021-01-21,25220,25220,25220,25220,100,A32
2021-01-22,25148,25148,23779,23779,900,A32
2021-01-25,24500,24572,24500,24572,400,A32
2021-01-26,24500,24500,24500,24500,0,A32
2021-01-27,24500,24500,24500,24500,100,A32
2021-01-28,21041,21041,21041,21041,1800,A32
2021-01-29,21041,21041,21041,21041,0,A32
2021-02-01,21041,21041,21041,21041,0,A32
2021-02-02,23779,23779,23779,23779,200,A32
2021-02-03,23779,23779,23779,23779,0,A32
2021-02-04,23779,23779,23779,23779,0,A32
2021-02-05,23779,23779,23058,23058,600,A32
2021-02-08,23275,23275,23275,23275,0,A32
2021-02-09,23275,23275,23275,23275,0,A32
2021-02-17,23275,25148,23275,25148,700,A32
2021-02-18,24860,24860,24860,24860,0,A32
2021-02-19,25941,25941,25941,25941,200,A32
2021-02-22,23058,23058,22410,22410,600,A32
2021-02-23,22626,22626,22626,22626,0,A32
2021-02-24,20608,20608,20608,20608,100,A32
2021-02-25,23347,23347,23347,23347,400,A32
2021-02-26,23347,23347,23347,23347,0,A32
2021-03-01,25869,25941,25869,25941,1700,A32
2021-03-02,25941,25941,25941,25941,0,A32
2021-03-03,25580,25941,25580,25941,400,A32
2021-03-04,25652,25652,25652,25652,0,A32
2021-03-05,25652,25652,25652,25652,0,A32
2021-03-08,25652,25652,25652,25652,0,A32
2021-03-09,25652,25652,25652,25652,0,A32
2021-03-10,22338,24500,22338,24500,800,A32
2021-03-11,23275,23275,23275,23275,100,A32
2021-03-12,23275,23275,23275,23275,0,A32
2021-03-15,23275,23275,23275,23275,0,A32
2021-03-16,23275,23275,23275,23275,0,A32
2021-03-17,25220,25220,25220,25220,100,A32
2021-03-18,25220,25220,25220,25220,0,A32
2021-03-19,25148,25220,24355,24355,600,A32
2021-03-22,25076,25076,25076,25076,0,A32
2021-03-23,25076,25076,25076,25076,200,A32
2021-03-24,25076,25076,25076,25076,0,A32
2021-03-25,25076,25076,25076,25076,0,A32
2021-03-26,21617,22050,21617,22050,700,A32
2021-03-29,21977,21977,21761,21761,1000,A32
2021-03-30,21833,21833,21833,21833,0,A32
2021-03-31,21689,21689,21617,21617,1000,A32
2021-04-01,21689,21689,21689,21689,100,A32
2021-04-02,21833,21833,21833,21833,100,A32
2021-04-05,20608,20608,20608,20608,100,A32
2021-04-06,20608,20608,20608,20608,0,A32
2021-04-07,22338,23635,22338,23635,700,A32
2021-04-08,23275,23275,23275,23275,0,A32
2021-04-09,23275,23275,23275,23275,0,A32
2021-04-12,23275,23275,23275,23275,0,A32
2021-04-13,23275,23275,23275,23275,0,A32
2021-04-14,23275,23275,23275,23275,0,A32
2021-04-15,23275,23275,23275,23275,0,A32
2021-04-16,23275,23275,23275,23275,1800,A32
2021-04-19,23275,23275,23275,23275,0,A32
2021-04-20,25148,25148,21617,21617,1100,A32
2021-04-22,21905,21905,21905,21905,0,A32
2021-04-23,21905,21905,21905,21905,0,A32
2021-04-26,24427,24427,24427,24427,800,A32
2021-04-27,24427,24427,24427,24427,0,A32
2021-04-28,24427,24427,24427,24427,0,A32
2021-04-29,24427,24427,24427,24427,0,A32
2021-05-04,24427,24427,24427,24427,0,A32
2021-05-05,24427,24427,24427,24427,0,A32
2021-05-06,24427,24427,24427,24427,0,A32
2021-05-07,24427,24427,24427,24427,0,A32
2021-05-10,24427,24427,24427,24427,0,A32
2021-05-11,24427,24427,24427,24427,0,A32
2021-05-12,24283,24283,24139,24139,300,A32
2021-05-13,23923,23923,23923,23923,1000,A32
2021-05-14,23923,23923,23923,23923,0,A32
2021-05-17,23923,23923,23923,23923,0,A32
2021-05-18,23707,23707,23707,23707,300,A32
2021-05-19,23058,23058,23058,23058,2000,A32
2021-05-20,23058,23058,23058,23058,0,A32
2021-05-21,23058,23058,23058,23058,0,A32
2021-05-24,23058,23058,23058,23058,100,A32
2021-05-25,23058,23058,23058,23058,0,A32
2021-05-26,23058,23779,23058,23779,2400,A32
2021-05-27,26229,26229,26229,26229,12000,A32
2021-05-28,26229,26229,26229,26229,0,A32
2021-05-31,22770,22770,22698,22698,2600,A32
2021-06-01,21761,21761,21257,21257,4000,A32
2021-06-02,22338,22338,21617,21617,2200,A32
2021-06-03,21617,21617,21617,21617,1000,A32
2021-06-04,21617,21617,21617,21617,0,A32
2021-06-07,21617,22698,21617,22338,6100,A32
2021-06-08,22626,22698,22626,22698,2100,A32
2021-06-09,22626,24355,22626,24355,400,A32
2021-06-10,23058,23058,23058,23058,200,A32
2021-06-11,23058,23058,23058,23058,1100,A32
2021-06-14,26517,26517,26517,26517,100,A32
2021-06-15,26661,26661,22698,23779,15600,A32
2021-06-16,23058,23058,23058,23058,500,A32
2021-06-17,23058,23058,23058,23058,3200,A32
2021-06-18,23779,23779,22554,22554,12900,A32
2021-06-21,23779,23779,23779,23779,1000,A32
2021-06-22,23058,23058,23058,23058,200,A32
2021-06-23,23058,23058,23058,23058,0,A32
2021-06-24,23058,23058,23058,23058,100,A32
2021-06-25,23058,23058,23058,23058,0,A32
2021-06-28,23058,23058,23058,23058,0,A32
2021-06-29,23058,23058,23058,23058,200,A32
2021-06-30,23058,23058,23058,23058,0,A32
2021-07-01,23058,23058,23058,23058,0,A32
2021-07-02,23058,23058,23058,23058,0,A32
2021-07-05,26920,26920,26920,26920,0,A32
2021-07-06,26920,26920,26920,26920,0,A32
2021-07-07,26920,26920,26920,26920,600,A32
2021-07-08,26920,26920,26920,26920,0,A32
2021-07-09,24683,24683,22963,22963,5000,A32
2021-07-12,26576,26576,26576,26576,100,A32
2021-07-13,26146,26576,26146,26576,800,A32
2021-07-14,26232,26232,26232,26232,0,A32
2021-07-15,26232,26662,26232,26662,2900,A32
2021-07-16,25801,26232,25801,26232,3500,A32
2021-07-19,26232,26232,26060,26232,10403,A32
2021-07-20,26232,26232,26232,26232,0,A32
2021-07-21,26232,26232,26232,26232,0,A32
2021-07-22,26232,26232,26232,26232,3,A32
2021-07-23,26232,26232,26232,26232,0,A32
2021-07-26,26232,26232,26232,26232,0,A32
2021-07-27,26232,26232,26232,26232,0,A32
2021-07-28,26232,26232,26232,26232,0,A32
2021-07-29,26232,26232,26232,26232,0,A32
2021-07-30,26576,26576,26576,26576,11000,A32
2021-08-02,26662,28382,26662,28382,200,A32
2021-08-03,27522,27522,27522,27522,100,A32
2021-08-04,27522,27522,27522,27522,0,A32
2021-08-05,27522,27522,27522,27522,0,A32
2021-08-06,27522,27522,27522,27522,700,A32
2021-08-09,27522,27522,27522,27522,200,A32
2021-08-10,27522,27522,27522,27522,100,A32
2021-08-11,25801,27608,25801,27608,1200,A32
2021-08-12,25371,25371,25371,25371,300,A32
2021-08-13,25801,25801,25801,25801,100,A32
2021-08-16,25113,25113,25113,25113,1000,A32
2021-08-17,25113,25113,25113,25113,0,A32
2021-08-18,25113,25113,25113,25113,0,A32
2021-08-19,25113,25113,25113,25113,0,A32
2021-08-20,28812,28812,25887,25887,1000,A32
2021-08-23,27522,30446,27522,30446,2000,A32
2021-08-24,28726,28726,28726,28726,0,A32
2021-08-25,28726,28726,28726,28726,0,A32
2021-08-26,28640,28640,28640,28640,2000,A32
2021-08-27,28640,28640,28382,28382,200,A32
2021-08-30,28554,28554,28554,28554,0,A32
2021-08-31,28554,28554,28554,28554,0,A32
2021-09-01,25457,25801,25457,25715,2100,A32
2021-09-06,25715,25715,25715,25715,0,A32
2021-09-07,25715,25715,25715,25715,0,A32
2021-09-08,25715,25715,25715,25715,0,A32
2021-09-09,28726,28726,28296,28382,2400,A32
2021-09-10,26576,26662,26576,26662,300,A32
2021-09-13,27092,27092,26920,26920,800,A32
2021-09-14,29242,29242,29242,29242,300,A32
2021-09-15,29070,29070,29070,29070,400,A32
2021-09-16,28898,28898,28812,28812,600,A32
2021-09-17,28382,28382,28382,28382,200,A32
2021-09-20,31306,31306,30962,30962,800,A32
2021-09-21,30962,30962,30962,30962,100,A32
2021-09-22,30962,30962,30962,30962,100,A32
2021-09-23,30962,30962,30962,30962,900,A32
2021-09-24,30618,30618,30618,30618,300,A32
2021-09-27,30618,30618,30618,30618,0,A32
2021-09-28,30618,30618,30618,30618,0,A32
2021-09-29,30618,30618,30618,30618,0,A32
2021-09-30,30618,30618,30618,30618,0,A32
2021-10-01,30618,30618,30618,30618,0,A32
2021-10-04,30618,30618,30618,30618,0,A32
2021-10-05,30618,30618,30618,30618,0,A32
2021-10-06,31822,31822,31822,31822,501,A32
2021-10-07,31822,31822,31822,31822,520,A32
2021-10-08,31822,31822,31822,31822,0,A32
2021-10-11,27608,27608,27522,27522,501,A32
2021-10-12,27522,27522,27522,27522,0,A32
2021-10-13,27522,27522,27522,27522,0,A32
2021-10-14,27522,27522,27522,27522,0,A32
2021-10-15,27522,27522,27522,27522,0,A32
2021-10-18,27522,27522,27522,27522,0,A32
2021-10-19,27522,27522,27522,27522,0,A32
2021-10-20,27522,27522,27522,27522,0,A32
2021-10-21,27522,27522,27522,27522,0,A32
2021-10-22,27522,27522,27522,27522,0,A32
2021-10-25,27522,27522,27522,27522,0,A32
2021-10-26,30876,30876,30876,30876,300,A32
2021-10-27,30876,30876,30876,30876,0,A32
2021-10-28,30876,30876,30876,30876,1000,A32
2021-10-29,30876,30876,30876,30876,0,A32
2021-11-01,30876,30876,30876,30876,0,A32
2021-11-02,30876,30876,30876,30876,8,A32
2021-11-03,30876,30962,30876,30962,300,A32
2021-11-04,30876,30876,30876,30962,12,A32
2021-11-05,30876,30876,30876,30876,0,A32
2021-11-08,27522,31306,27522,30962,900,A32
2021-11-09,29844,29844,29844,29844,0,A32
2021-11-10,29844,29844,29844,29844,0,A32
2021-11-11,29844,29844,29844,29844,0,A32
2021-11-12,28812,28812,27522,27522,1511,A32
2021-11-15,32682,32682,32682,32682,100,A32
2021-11-16,27780,27780,27780,27780,800,A32
2021-11-17,27780,27780,27780,27780,0,A32
2021-11-18,27780,27780,27780,27780,7,A32
2021-11-19,27780,27780,27780,27780,0,A32
2021-11-22,27780,27780,27780,27780,0,A32
2021-11-23,27780,27780,27780,27780,0,A32
2021-11-24,27780,27780,27780,27780,0,A32
2021-11-25,27522,27522,27522,27522,100,A32
2021-11-26,27522,27522,27522,27522,201,A32
2021-11-29,27522,27522,27522,27522,0,A32
2021-11-30,27522,27522,27522,27522,0,A32
2021-12-01,27522,27522,27522,27522,0,A32
2021-12-02,27522,27522,27522,27522,0,A32
2021-12-03,27522,27522,27522,27522,1,A32
2021-12-06,27522,27522,27522,27522,200,A32
2021-12-07,27522,27522,27522,27522,0,A32
2021-12-13,29156,29156,29156,29156,1600,A32
2021-12-17,30131,30131,30131,30131,700,A32
2021-12-21,30131,30131,30131,30131,1200,A32
2021-12-22,31017,31017,31017,31017,100,A32
2021-12-23,31017,31017,31017,31017,0,A32
2021-12-24,27029,27029,27029,27029,1000,A32
2021-12-27,27029,27029,27029,27029,0,A32
2021-12-28,26586,30131,25256,30131,1700,A32
2021-12-29,25611,25611,25611,25611,0,A32
2021-12-30,26586,28358,26586,28358,4200,A32
2021-12-31,26586,28181,26586,28181,6000,A32
2022-01-04,26852,26852,26852,26852,0,A32
2022-01-05,26940,26940,26940,26940,100,A32
2022-01-06,27472,28270,27472,28270,2100,A32
2022-01-07,28270,28358,27826,28358,4100,A32
2022-01-10,28004,28004,28004,28004,100,A32
2022-01-11,27915,27915,27915,27915,2000,A32
2022-01-12,27118,27915,27118,27472,4500,A32
2022-01-13,27472,27472,27472,27472,2000,A32
2022-01-14,27915,28358,27029,27029,4100,A32
2022-01-17,27472,27472,27029,27029,3000,A32
2022-01-18,26586,27738,26586,27738,2200,A32
2022-01-19,27383,27383,27383,27383,0,A32
2022-01-20,27915,27915,27915,27915,300,A32
2022-01-21,26231,26674,26231,26674,2500,A32
2022-01-24,26497,26497,26497,26497,0,A32
2022-01-25,26586,26586,26586,26586,200,A32
2022-01-26,26586,26586,26586,26586,0,A32
2022-01-27,27826,27826,27826,27826,500,A32
2022-01-28,27826,27826,27826,27826,0,A32
2022-02-07,28358,28358,28358,28358,200,A32
2022-02-08,28358,29156,26674,26674,1000,A32
2022-02-09,28181,28181,28092,28092,1000,A32
2022-02-10,29244,29244,28713,28713,400,A32
2022-02-11,28890,28890,28890,28890,200,A32
2022-02-14,28092,28092,28092,28092,2500,A32
2022-02-15,28181,28181,28181,28181,300,A32
2022-02-16,27649,28181,27649,28181,700,A32
2022-02-17,28004,28004,28004,28004,0,A32
2022-02-18,28004,28004,28004,28004,0,A32
2022-02-21,28004,28004,27029,27029,1800,A32
2022-02-22,28358,28890,28358,28890,8700,A32
2022-02-23,28713,28713,28713,28713,0,A32
2022-02-24,28713,28713,28713,28713,0,A32
2022-02-25,28713,28713,28713,28713,900,A32
2022-02-28,27561,30131,27472,30131,1100,A32
2022-03-01,27029,27029,27029,27029,400,A32
2022-03-02,27029,27029,27029,27029,0,A32
2022-03-03,27472,27472,27029,27029,600,A32
2022-03-04,27118,27118,27118,27118,0,A32
2022-03-07,27118,27118,27118,27118,0,A32
2022-03-08,28358,28358,28358,28358,100,A32
2022-03-09,28358,28358,28358,28358,100,A32
2022-03-10,29599,29599,28358,28358,800,A32
2022-03-11,29422,29422,29422,29422,0,A32
2022-03-14,30131,31992,30131,31992,10000,A32
2022-03-15,31814,31814,31814,31814,0,A32
2022-03-16,30928,30928,30928,30928,1700,A32
2022-03-17,28535,28535,28535,28535,100,A32
2022-03-18,28535,28535,28535,28535,0,A32
2022-03-21,31814,31814,29688,29688,2900,A32
2022-03-22,31460,31460,31460,31460,0,A32
2022-03-23,31460,31460,31371,31371,1300,A32
2022-03-24,31017,31283,28358,31017,2100,A32
2022-03-25,29333,30131,29244,30042,3800,A32
2022-03-28,30574,30574,30574,30574,5000,A32
2022-03-29,30485,30485,28624,28624,300,A32
2022-03-30,28358,30308,28358,30131,1600,A32
2022-03-31,28624,28624,27561,27826,5000,A32
2022-04-01,27826,27826,27826,27826,0,A32
2022-04-04,28447,30574,28092,30308,1700,A32
2022-04-05,29333,29333,29244,29244,1200,A32
2022-04-06,29156,29156,29156,29156,1000,A32
2022-04-07,29156,29156,29156,29156,100,A32
2022-04-08,27826,30131,27118,30131,300,A32
2022-04-12,28358,28358,28358,28358,0,A32
2022-04-13,30131,30131,30131,30131,200,A32
2022-04-14,30131,30131,30131,30131,0,A32
2022-04-15,30131,30131,30131,30131,0,A32
2022-04-18,29953,29953,29953,29953,100,A32
2022-04-19,29953,29953,29953,29953,0,A32
2022-04-20,29953,29953,29953,29953,0,A32
2022-04-21,29953,29953,29953,29953,200,A32
2022-04-22,27029,27029,27029,27029,200,A32
2022-04-25,27118,28801,27029,28801,400,A32
2022-04-26,27472,28181,27472,27472,600,A32
2022-04-27,26231,26409,26231,26231,500,A32
2022-04-28,26320,26320,26320,26320,200,A32
2022-04-29,25788,25788,25700,25700,300,A32
2022-05-04,25700,25700,25700,25700,0,A32
2022-05-05,26143,26143,26143,26143,100,A32
2022-05-06,28181,28181,28181,28181,100,A32
2022-05-09,28092,28092,28092,28092,200,A32
2022-05-10,28092,28092,28092,28092,0,A32
2022-05-11,25079,25079,25079,25079,100,A32
2022-05-12,25079,25079,25079,25079,0,A32
2022-05-13,25079,25079,25079,25079,0,A32
2022-05-16,25079,25079,25079,25079,0,A32
2022-05-17,25079,25079,25079,25079,0,A32
2022-05-18,25079,25079,25079,25079,0,A32
2022-05-19,25079,25079,25079,25079,100,A32
2022-05-20,25079,25079,25079,25079,100,A32
2022-05-23,25079,25079,25079,25079,100,A32
2022-05-24,25079,25079,25079,25079,0,A32
2022-05-25,23927,23927,23927,23927,100,A32
2022-05-26,27472,27472,27029,27472,600,A32
2022-05-27,27383,27383,27383,27383,0,A32
2022-05-30,27383,27383,27383,27383,0,A32
2022-05-31,27383,27383,27383,27383,0,A32
2022-06-01,27383,27383,27383,27383,0,A32
2022-06-02,27383,27383,27383,27383,0,A32
2022-06-03,27472,27472,27472,27472,200,A32
2022-06-06,27561,27561,27561,27561,500,A32
2022-06-07,27561,27561,27561,27561,0,A32
2022-06-08,27561,27561,27561,27561,0,A32
2022-06-09,26763,26763,26763,26763,100,A32
2022-06-10,26763,26763,26763,26763,0,A32
2022-06-13,26763,26763,26763,26763,0,A32
2022-06-14,26763,26763,26763,26763,0,A32
2022-06-15,26763,26763,26763,26763,0,A32
2022-06-16,25700,28181,25700,28181,1000,A32
2022-06-17,25700,25700,25700,25700,100,A32
2022-06-20,23927,23927,22155,23927,900,A32
2022-06-21,23927,23927,23927,23927,500,A32
2022-06-22,23927,23927,23927,23927,0,A32
2022-06-23,26586,27472,26586,27472,6300,A32
2022-06-24,27472,27472,27472,27472,0,A32
2022-06-27,27472,27472,27472,27472,0,A32
2022-06-28,27472,27472,27472,27472,0,A32
2022-06-29,31017,31460,31017,31460,200,A32
2022-06-30,31283,31283,31283,31283,0,A32
2022-07-01,31194,31194,31194,31194,500,A32
2022-07-04,31194,31194,31194,31194,0,A32
2022-07-05,31194,31194,31194,31194,0,A32
2022-07-06,30042,30042,30042,30042,500,A32
2022-07-07,26143,26143,25877,25877,500,A32
2022-07-08,26054,26054,26054,26054,0,A32
2022-07-11,26586,26586,26586,26586,500,A32
2022-07-12,26586,26586,26586,26586,0,A32
2022-07-13,26586,26586,26586,26586,0,A32
2022-07-14,26586,26586,26586,26586,0,A32
2022-07-15,26586,26586,26586,26586,0,A32
2022-07-18,26586,26586,26586,26586,100,A32
2022-07-19,26586,26586,26586,26586,0,A32
2022-07-20,26586,26586,26586,26586,0,A32
2022-07-21,26586,26586,26586,26586,0,A32
2022-07-22,27472,27561,27029,27029,2900,A32
2022-07-25,31549,31549,27472,27472,1600,A32
2022-07-26,28270,28270,27472,27472,7800,A32
2022-07-27,27472,27472,27472,27472,0,A32
2022-07-28,29244,30131,27472,27472,9000,A32
2022-07-29,28358,28358,28358,28358,100,A32
2022-08-01,29037,30779,29037,30779,7300,A32
2022-08-02,30392,30392,30392,30392,0,A32
2022-08-03,27681,29037,27681,29037,600,A32
2022-08-04,28843,28843,28843,28843,0,A32
2022-08-05,28843,28843,28843,28843,0,A32
2022-08-08,28843,28843,28843,28843,0,A32
2022-08-09,28069,28069,28069,28069,500,A32
2022-08-10,28069,28165,28069,28069,5000,A32
2022-08-11,28069,28069,28069,28069,1000,A32
2022-08-12,28069,28069,28069,28069,0,A32
2022-08-15,28069,28069,28069,28069,0,A32
2022-08-16,28069,28069,28069,28069,0,A32
2022-08-17,28069,28069,28069,28069,0,A32
2022-08-18,28069,28069,28069,28069,0,A32
2022-08-19,28069,28069,28069,28069,0,A32
2022-08-22,28069,28069,28069,28069,500,A32
2022-08-23,28069,28069,28069,28069,0,A32
2022-08-24,28069,28359,28069,28359,3100,A32
2022-08-25,28069,28262,28069,28262,2200,A32
2022-08-26,28165,28165,28165,28165,600,A32
2022-08-29,28069,28069,28069,28069,1100,A32
2022-08-30,30972,30972,30972,30972,100,A32
2022-08-31,30972,30972,30972,30972,0,A32
2022-09-05,30972,30972,30972,30972,0,A32
2022-09-06,26714,32715,26714,32715,300,A32
2022-09-07,32811,33005,32811,32811,1600,A32
2022-09-08,28262,28262,28165,28165,600,A32
2022-09-09,28262,28262,28262,28262,0,A32
2022-09-12,28262,28262,28262,28262,100,A32
2022-09-13,29037,29037,29037,29037,600,A32
2022-09-14,29037,29037,29037,29037,0,A32
2022-09-15,29037,29037,29037,29037,0,A32
2022-09-16,28165,28359,28165,28359,200,A32
2022-09-19,28262,28262,28262,28262,600,A32
2022-09-20,28262,28262,28262,28262,0,A32
2022-09-21,28165,28165,28165,28165,200,A32
2022-09-22,28165,28165,28165,28165,0,A32
2022-09-23,28359,28359,28359,28359,100,A32
2022-09-26,28359,28359,28359,28359,0,A32
2022-09-27,28069,28069,28069,28069,1100,A32
2022-09-28,28069,28069,28069,28069,1800,A32
2022-09-29,28069,28069,28069,28069,0,A32
2022-09-30,28069,28069,28069,28069,0,A32
2022-10-03,28069,28069,28069,28069,0,A32
2022-10-04,28069,28069,28069,28069,0,A32
2022-10-05,28069,28069,28069,28069,0,A32
2022-10-06,28069,28069,28069,28069,0,A32
2022-10-07,28069,28069,28069,28069,0,A32
2022-10-10,28069,28069,28069,28069,0,A32
2022-10-11,28069,28069,28069,28069,0,A32
2022-10-12,28069,28069,28069,28069,100,A32
2022-10-13,28069,28069,28069,28069,0,A32
2022-10-14,26133,26133,26133,26133,300,A32
2022-10-17,26133,26133,26133,26133,0,A32
2022-10-18,26133,26133,26133,26133,0,A32
2022-10-19,26133,26133,26133,26133,0,A32
2022-10-20,26133,26133,26133,26133,0,A32
2022-10-21,26133,26133,26133,26133,0,A32
2022-10-24,26133,26133,26133,26133,0,A32
2022-10-25,26617,26617,26617,26617,100,A32
2022-10-26,26617,26617,26617,26617,0,A32
2022-10-27,26617,26617,26617,26617,0,A32
2022-10-28,26617,26617,26617,26617,0,A32
2022-10-31,26617,26617,26617,26617,0,A32
2022-11-01,26617,26617,26617,26617,0,A32
2022-11-02,26617,26617,26617,26617,0,A32
2022-11-03,28069,28069,28069,28069,100,A32
2022-11-04,28069,28069,28069,28069,0,A32
2022-11-07,28069,28069,28069,28069,0,A32
2022-11-08,28069,28069,28069,28069,0,A32
2022-11-09,28553,32231,28553,32231,500,A32
2022-11-10,30488,30488,30488,30488,0,A32
2022-11-11,30488,30488,30488,30488,0,A32
2022-11-14,30488,30488,30488,30488,100,A32
2022-11-15,28069,28069,28069,28069,1900,A32
2022-11-16,28069,28069,28069,28069,500,A32
2022-11-17,28069,28069,28069,28069,0,A32
2022-11-18,28069,28069,28069,28069,0,A32
2022-11-21,28069,28069,28069,28069,0,A32
2022-11-22,28069,28069,28069,28069,100,A32
2022-11-23,28069,28069,28069,28069,0,A32
2022-11-24,28069,28069,28069,28069,0,A32
2022-11-25,28069,28069,28069,28069,0,A32
2022-11-28,28069,28069,28069,28069,100,A32
2022-11-29,28069,28069,28069,28069,0,A32
2022-11-30,28069,28069,28069,28069,0,A32
2022-12-01,28069,30972,28069,30972,500,A32
2022-12-02,30198,30198,30198,30198,0,A32
2022-12-05,30198,30198,30198,30198,0,A32
2022-12-06,30198,30198,30198,30198,0,A32
2022-12-07,30198,30198,30198,30198,0,A32
2022-12-08,30198,30198,30198,30198,0,A32
2022-12-09,30198,30198,30198,30198,0,A32
2022-12-12,30198,30198,30198,30198,0,A32
2022-12-13,30198,30198,30198,30198,0,A32
2022-12-14,30198,30198,30198,30198,0,A32
2022-12-15,30200,30200,30200,30200,0,A32
2022-12-16,30200,30200,30200,30200,0,A32
2022-12-19,30200,30200,30200,30200,0,A32
2022-12-20,30200,30200,30200,30200,0,A32
2022-12-21,30200,30200,30200,30200,0,A32
2022-12-22,30200,30200,30200,30200,0,A32
2022-12-23,30200,30200,30200,30200,0,A32
2022-12-26,30200,30200,30200,30200,0,A32
2022-12-27,30200,30200,30200,30200,0,A32
2022-12-28,30200,30200,30200,30200,0,A32
2022-12-29,30200,30200,30200,30200,0,A32
2022-12-30,30200,30200,30200,30200,0,A32
2023-01-03,30200,30200,30200,30200,0,A32
2023-01-04,30200,30200,30200,30200,0,A32
2023-01-05,30200,30200,30200,30200,0,A32
2023-01-06,30200,30200,30200,30200,0,A32
2023-01-09,29000,29000,29000,29000,1600,A32
2023-01-10,29000,29000,29000,29000,0,A32
2023-01-11,29000,29000,29000,29000,0,A32
2023-01-12,29000,29000,29000,29000,300,A32
2023-01-13,31200,31200,31200,31200,400,A32
2023-01-16,31200,31200,31200,31200,0,A32
2023-01-17,31200,31200,31200,31200,0,A32
2023-01-18,31200,31200,31200,31200,0,A32
2023-01-19,31200,31200,31200,31200,0,A32
2023-01-27,31200,31200,31200,31200,100,A32
2023-01-30,31200,31200,31200,31200,0,A32
2023-01-31,31200,31200,31200,31200,0,A32
2023-02-01,31200,31200,31200,31200,0,A32
2023-02-02,31200,31200,31200,31200,0,A32
2023-02-03,31000,31000,31000,31000,200,A32
2023-02-06,31000,31000,31000,31000,0,A32
2023-02-07,30000,30000,30000,30000,1700,A32
2023-02-08,30000,30000,30000,30000,0,A32
2023-02-09,30000,30000,30000,30000,0,A32
2023-02-10,32000,32000,30000,30000,700,A32
2023-02-13,30000,30000,30000,30000,2300,A32
2023-02-14,30000,30000,30000,30000,400,A32
2023-02-15,30000,30000,30000,30000,0,A32
2023-02-16,30000,30000,30000,30000,0,A32
2023-02-17,30000,30000,30000,30000,0,A32
2023-02-20,30000,30000,30000,30000,0,A32
2023-02-21,30000,30000,30000,30000,200,A32
2023-02-22,30000,30000,30000,30000,0,A32
2023-02-23,33000,33000,33000,33000,100,A32
2023-02-24,33000,33000,33000,33000,0,A32
2023-02-27,33000,33000,33000,33000,0,A32
2023-02-28,33000,33000,33000,33000,0,A32
2023-03-01,33500,33500,33500,33500,1800,A32
2023-03-02,33500,33500,33500,33500,0,A32
2023-03-03,33500,33500,33500,33500,0,A32
2023-03-06,32000,32000,32000,32000,500,A32
2023-03-07,32000,32000,32000,32000,0,A32
2023-03-08,32000,32000,32000,32000,0,A32
2023-03-09,32000,32000,32000,32000,0,A32
2023-03-10,30000,30000,30000,30000,600,A32
2023-03-13,30000,30000,30000,30000,0,A32
2023-03-14,30000,30000,30000,30000,0,A32
2023-03-15,30000,30000,30000,30000,700,A32
2023-03-16,30000,30000,30000,30000,0,A32
2023-03-17,30000,30000,30000,30000,0,A32
2023-03-20,30000,30000,30000,30000,0,A32
2023-03-21,30000,30000,30000,30000,0,A32
2023-03-22,30000,30000,30000,30000,0,A32
2023-03-23,30000,30000,30000,30000,0,A32
2023-03-24,30000,30000,30000,30000,0,A32
2023-03-27,30000,30000,30000,30000,0,A32
2023-03-28,30000,30000,30000,30000,0,A32
2023-03-29,30000,30000,30000,30000,100,A32
2023-03-30,30000,30000,30000,30000,0,A32
2023-03-31,30000,30000,30000,30000,0,A32
2023-04-03,30000,30000,30000,30000,0,A32
2023-04-04,30000,30000,30000,30000,0,A32
2023-04-05,30000,30000,30000,30000,0,A32
2023-04-06,30000,30000,30000,30000,0,A32
2023-04-07,30000,30000,30000,30000,0,A32
2023-04-10,30000,30000,30000,30000,0,A32
2023-04-11,30000,30000,30000,30000,0,A32
2023-04-12,30000,30000,30000,30000,0,A32
2023-04-13,30000,30000,30000,30000,0,A32
2023-04-14,30000,30000,30000,30000,0,A32
2023-04-17,30000,30000,30000,30000,0,A32
2023-04-18,30000,30000,30000,30000,0,A32
2023-04-19,30000,30000,30000,30000,0,A32
2023-04-20,30000,30000,30000,30000,0,A32
2023-04-21,30000,30000,30000,30000,0,A32
2023-04-24,30000,30000,30000,30000,0,A32
2023-04-25,30000,30000,30000,30000,0,A32
2023-04-26,30000,30000,30000,30000,2900,A32
2023-04-27,30000,30000,30000,30000,0,A32
2023-04-28,30000,30000,30000,30000,0,A32
2023-05-04,30000,30000,30000,30000,0,A32
2023-05-05,30000,30000,30000,30000,0,A32
2023-05-08,30000,30000,30000,30000,0,A32
2023-05-09,30000,30000,30000,30000,100,A32
2023-05-10,33000,33000,33000,33000,100,A32
2023-05-11,33000,33000,33000,33000,600,A32
2023-05-12,33000,33000,33000,33000,0,A32
2023-05-15,33000,33000,33000,33000,0,A32
2023-05-16,33000,33000,33000,33000,0,A32
2023-05-17,33000,33000,29000,29000,300,A32
2023-05-18,31700,31700,31700,31700,100,A32
2023-05-19,31700,31700,31700,31700,0,A32
2023-05-22,31700,31700,31700,31700,0,A32
2023-05-23,31700,33000,31700,33000,1000,A32
2023-05-24,32200,32200,32200,32200,0,A32
2023-05-25,32200,32200,32200,32200,800,A32
2023-05-26,32100,32100,32100,32100,600,A32
2023-05-29,31000,31000,31000,31000,200,A32
2023-05-30,30100,30100,30000,30000,1000,A32
2023-05-31,30100,30100,30100,30100,0,A32
2023-06-01,30100,30100,30100,30100,0,A32
2023-06-02,30100,30100,30100,30100,0,A32
2023-06-05,30000,30000,29500,29500,400,A32
2023-06-06,30000,30000,30000,30000,200,A32
2023-06-07,30000,30000,30000,30000,0,A32
2023-06-08,30000,30000,30000,30000,0,A32
2023-06-09,30000,30000,30000,30000,400,A32
2023-06-12,31000,31000,31000,31000,100,A32
2023-06-13,31000,31000,31000,31000,0,A32
2023-06-14,31000,31000,31000,31000,300,A32
2023-06-15,31000,31000,31000,31000,0,A32
2023-06-16,31000,31000,31000,31000,0,A32
2023-06-19,31000,31000,31000,31000,100,A32
2023-06-20,30000,30000,30000,30000,100,A32
2023-06-21,30000,30000,30000,30000,0,A32
2023-06-22,30000,30000,30000,30000,0,A32
2023-06-23,30000,30000,30000,30000,0,A32
2023-06-26,33000,33500,33000,33500,400,A32
2023-06-27,33400,33400,33400,33400,0,A32
2023-06-28,29700,29700,29200,29200,400,A32
2023-06-29,29400,29400,29400,29400,0,A32
2023-06-30,29400,29400,29400,29400,0,A32
